guest_id,guest_name,city,guest_type,preferred_room_type,loyalty_tier,account_since
G0001,Jordan Henderson,Chandigarh,Individual,Suite,Silver,2017-12-05
G0002,Whitney Peters,Lucknow,Individual,Suite,,2020-01-31
G0003,Brittney Phillips,Pune,Individual,Standard,Silver,2025-04-30
G0004,Lauren Daniels,Ahmedabad,Corporate,Standard,,2025-09-10
G0005,Amy Silva,Delhi,Individual,Deluxe,Gold,2025-07-10
G0006,Sarah Moore,Ahmedabad,Individual,Standard,Silver,2025-04-03
G0007,Angela Lopez,Pune,Corporate,Suite,,2019-12-13
G0008,Megan Young,Indore,Individual,Standard,Gold,2018-04-26
G0009,David PLC,Lucknow,Corporate,Deluxe,Silver,2024-12-21
G0010,Kristopher Harvey,Kolkata,Individual,Standard,,2019-04-27
G0011,Kevin Mills,Goa,Corporate,Standard,,2023-01-16
G0012,Christina Moran,Chandigarh,Individual,Standard,Silver,2022-10-09
G0013,James Powers,Bengaluru,Corporate,Standard,Gold,2021-08-13
G0014,Eugene Walton,Indore,Corporate,Deluxe,Gold,2018-06-28
G0015,Jimmy Murillo,Chandigarh,Individual,Standard,,2024-08-01
G0016,Angel Lewis MD,Chennai,Individual,Deluxe,,2021-08-24
G0017,Shirley Suarez,Bengaluru,Individual,Deluxe,Gold,2018-01-17
G0018,Christopher Bass,Chandigarh,Individual,Standard,Platinum,2021-02-20
G0019,Lisa Archer,Jaipur,Individual,Standard,,2025-09-06
G0020,"Rice, Contreras and Spencer",Jaipur,Corporate,Deluxe,Silver,2017-09-17
G0021,Ashley Humphrey,Kolkata,Corporate,Suite,Silver,2020-08-15
G0022,Wilson-Rodriguez,Goa,Corporate,Standard,Gold,2025-11-03
G0023,Denise Jacobs,Kochi,Individual,Suite,,2024-01-09
G0024,Christina Walters,Bengaluru,Corporate,Executive,,2022-02-13
G0025,John Whitehead,Kolkata,Individual,Standard,Silver,2018-06-25
G0026,Davis Group,Indore,Corporate,Executive,,2024-05-05
G0027,Amanda Cook,Bengaluru,Individual,Standard,Platinum,2018-11-09
G0028,William Martin,Kochi,Individual,Standard,Silver,2019-08-18
G0029,Michael Hoffman,Bengaluru,Individual,Deluxe,,2022-05-08
G0030,Tony Vazquez,Goa,Individual,Standard,Silver,2017-02-08
G0031,Andrew Wood,Delhi,Individual,Suite,Platinum,2021-09-26
G0032,Jessica Williams,Jaipur,Individual,Standard,,2025-03-13
G0033,Nolan-Flynn,Delhi,Corporate,Suite,,2025-09-04
G0034,Stephanie Clark,Kochi,Corporate,Executive,,2022-12-13
G0035,Brian Deleon,Goa,Individual,Deluxe,Silver,2025-02-07
G0036,Jennifer Oliver,Chandigarh,Individual,Standard,Silver,2024-09-13
G0037,Timothy Hancock,Mumbai,Individual,Standard,,2025-06-10
G0038,Rita Keith,Chandigarh,Individual,Standard,Platinum,2020-07-12
G0039,White LLC,Kochi,Corporate,Standard,Silver,2023-09-24
G0040,Pham-Shields,Chandigarh,Corporate,Standard,Gold,2020-05-20
G0041,Debra Cobb,Goa,Individual,Deluxe,Gold,2020-04-25
G0042,Shane Garrison,Lucknow,Individual,Suite,Platinum,2022-07-21
G0043,Robert Stevens,Mumbai,Individual,Deluxe,Silver,2022-12-04
G0044,Hoover-Savage,Delhi,Corporate,Executive,,2026-05-30
G0045,Matthew Ross,Delhi,Individual,Deluxe,,2022-04-14
G0046,Benjamin Ayala,Hyderabad,Corporate,Deluxe,,2019-06-03
G0047,Jordan Frazier,Hyderabad,Individual,Executive,,2020-03-19
G0048,Erin Johnson,Ahmedabad,Individual,Suite,Silver,2021-07-06
G0049,Debbie Carpenter,Ahmedabad,Individual,Deluxe,,2017-12-09
G0050,Mrs. Linda Reed,Ahmedabad,Individual,Executive,Platinum,2018-09-29
G0051,Jessica Joyce,Kolkata,Individual,Deluxe,Gold,2024-04-15
G0052,Steven Lee,Bengaluru,Individual,Standard,Silver,2019-09-05
G0053,Jeffrey Meyer,Bengaluru,Individual,Executive,,2023-11-13
G0054,Melissa Bentley,Pune,Individual,Deluxe,Silver,2018-12-21
G0055,Christina Reynolds,Chandigarh,Individual,Standard,,2022-07-27
G0056,Tammie Hanson,Lucknow,Corporate,Suite,,2021-03-04
G0057,Belinda Mccullough,Lucknow,Individual,Suite,Gold,2018-04-29
G0058,"Parker, Ortiz and Powell",Lucknow,Corporate,Standard,Silver,2019-12-14
G0059,Cameron Fisher,Goa,Individual,Deluxe,Silver,2022-09-24
G0060,Megan Orr,Jaipur,Individual,Suite,,2018-10-07
G0061,Elizabeth Kelley,Bengaluru,Individual,Suite,Silver,2018-04-18
G0062,Dustin Jordan,Ahmedabad,Individual,Standard,Gold,2017-02-20
G0063,Mary Marshall,Jaipur,Individual,Standard,Platinum,2019-01-04
G0064,Daniel Kennedy,Ahmedabad,Corporate,Suite,Gold,2024-05-09
G0065,Rebecca Jackson,Delhi,Individual,Standard,Platinum,2020-08-03
G0066,Jose Schultz,Bengaluru,Individual,Deluxe,,2024-07-20
G0067,Davis-Crane,Lucknow,Corporate,Deluxe,,2021-07-01
G0068,Eric Drake,Jaipur,Individual,Suite,Gold,2020-06-26
G0069,Angel Riggs,Ahmedabad,Individual,Deluxe,,2020-04-09
G0070,Patricia Gibson,Pune,Individual,Deluxe,,2021-02-17
G0071,Laura Higgins,Jaipur,Individual,Executive,Gold,2025-03-20
G0072,James Hernandez,Mumbai,Corporate,Standard,Platinum,2017-04-08
G0073,Stephanie Dalton,Delhi,Individual,Deluxe,Silver,2017-02-09
G0074,Osborne and Sons,Kochi,Corporate,Standard,Gold,2020-06-13
G0075,Tyler Holmes,Ahmedabad,Individual,Executive,Silver,2017-09-03
G0076,Grant Inc,Pune,Corporate,Standard,Platinum,2022-10-30
G0077,Robert Contreras,Coimbatore,Individual,Standard,Platinum,2017-12-14
G0078,Linda Dodson DVM,Ahmedabad,Individual,Standard,Gold,2017-11-03
G0079,Michelle Wagner,Hyderabad,Individual,Standard,Platinum,2019-08-28
G0080,Kimberly Merritt,Indore,Individual,Standard,Gold,2024-11-10
G0081,"Hensley, Cole and Walton",Jaipur,Corporate,Standard,,2019-04-11
G0082,Destiny Strickland,Lucknow,Individual,Deluxe,,2018-11-05
G0083,Mr. Jeremiah Reeves,Delhi,Individual,Standard,Silver,2025-08-22
G0084,George Orozco,Pune,Individual,Deluxe,Gold,2018-01-06
G0085,Chris Reyes,Kochi,Individual,Standard,Gold,2023-10-08
G0086,Daniel Perry,Indore,Individual,Suite,,2024-12-22
G0087,John Brown,Delhi,Individual,Standard,,2020-05-09
G0088,Jean Carrillo,Chennai,Individual,Standard,Silver,2022-01-27
G0089,Alicia Gilmore,Ahmedabad,Individual,Standard,Silver,2026-01-06
G0090,"James, Smith and Bell",Hyderabad,Corporate,Suite,Platinum,2018-06-20
G0091,Sarah Ashley,Kolkata,Individual,Standard,Silver,2024-03-25
G0092,Paul Payne,Goa,Individual,Standard,Gold,2017-03-31
G0093,"Hurst, Freeman and Nelson",Kochi,Corporate,Standard,,2026-04-21
G0094,Johnson-Rogers,Jaipur,Corporate,Standard,Platinum,2021-11-10
G0095,Jennifer Martin,Hyderabad,Corporate,Standard,Silver,2020-12-20
G0096,Cameron Dean,Chennai,Individual,Standard,Silver,2018-09-01
G0097,James Elliott,Goa,Individual,Deluxe,Silver,2022-08-06
G0098,Marvin Taylor,Ahmedabad,Individual,Deluxe,,2021-04-18
G0099,Anthony Gray,Mumbai,Individual,Deluxe,Gold,2019-10-18
G0100,Gabriel Juarez,Lucknow,Individual,Deluxe,,2021-04-16
G0101,Paul Decker,Ahmedabad,Corporate,Suite,,2023-05-06
G0102,Bradley Smith,Kolkata,Individual,Standard,,2023-09-12
G0103,Zoe Bell,Coimbatore,Individual,Suite,,2026-01-26
G0104,Rachael Pearson,Lucknow,Corporate,Deluxe,,2018-10-16
G0105,Tiffany Gonzalez,Kochi,Individual,Standard,Silver,2025-11-15
G0106,Howell and Sons,Mumbai,Corporate,Deluxe,Platinum,2021-05-10
G0107,Michael Elliott,Indore,Individual,Executive,,2019-08-27
G0108,Michael Wang,Lucknow,Individual,Deluxe,,2023-08-21
G0109,Lawrence Adkins,Chandigarh,Individual,Standard,Silver,2018-08-06
G0110,Robert Oconnell,Mumbai,Individual,Suite,Gold,2022-07-10
G0111,Alexander Collins,Chennai,Individual,Deluxe,,2019-08-11
G0112,Tina Sanders,Hyderabad,Individual,Deluxe,,2023-11-21
G0113,Angela Vaughn,Chennai,Individual,Standard,,2025-12-31
G0114,"Sanchez, Terry and Turner",Hyderabad,Corporate,Standard,Gold,2018-08-04
G0115,Renee Hogan,Indore,Corporate,Standard,,2024-11-25
G0116,Amanda Patel,Bengaluru,Corporate,Standard,,2018-10-08
G0117,Andrea Holland,Kochi,Corporate,Executive,Silver,2018-12-15
G0118,Jason Henry,Ahmedabad,Individual,Deluxe,Platinum,2025-10-29
G0119,Jack Snow,Kochi,Individual,Deluxe,,2020-06-10
G0120,Zimmerman-Graham,Chennai,Corporate,Deluxe,Platinum,2023-06-05
G0121,Tracie Nelson,Lucknow,Individual,Executive,,2023-10-04
G0122,Kimberly Webb,Lucknow,Individual,Executive,,2023-05-06
G0123,Nicholas Adams,Jaipur,Individual,Standard,Gold,2019-09-02
G0124,Sandra Miller,Delhi,Individual,Standard,Gold,2017-12-30
G0125,Dana Marshall,Chandigarh,Corporate,Suite,Silver,2019-12-23
G0126,Jamie Johnson,Chandigarh,Individual,Standard,,2018-03-19
G0127,White-Lewis,Jaipur,Corporate,Deluxe,Platinum,2021-08-23
G0128,Gina Beard,Kolkata,Individual,Standard,,2026-04-18
G0129,Desiree Smith,Indore,Individual,Deluxe,Gold,2019-07-13
G0130,Angela Cortez,Bengaluru,Individual,Suite,,2017-03-24
G0131,Peter Vaughn DDS,Bengaluru,Individual,Standard,,2021-03-18
G0132,Ricky Davis II,Bengaluru,Individual,Deluxe,Gold,2018-01-17
G0133,Elizabeth Perkins,Goa,Individual,Suite,Gold,2021-11-02
G0134,Tran-Cooper,Coimbatore,Corporate,Standard,,2020-09-18
G0135,Krista Bell MD,Mumbai,Individual,Standard,Silver,2025-03-09
G0136,David Griffith,Kochi,Individual,Standard,,2017-07-23
G0137,Patrick Tapia,Ahmedabad,Individual,Suite,,2021-01-17
G0138,Cheryl Rodgers,Bengaluru,Individual,Standard,Silver,2023-09-25
G0139,Kevin Wolf,Bengaluru,Individual,Standard,,2020-04-10
G0140,Veronica Wall,Bengaluru,Corporate,Standard,,2022-06-27
G0141,Perez-White,Kochi,Corporate,Deluxe,,2021-04-12
G0142,Joseph Hill,Jaipur,Individual,Standard,Silver,2019-12-15
G0143,Kristen Terry,Pune,Individual,Deluxe,,2024-10-23
G0144,Sean Henry,Bengaluru,Individual,Deluxe,Gold,2021-08-23
G0145,Laura Harrison,Ahmedabad,Corporate,Standard,,2022-11-11
G0146,Cody Williams,Ahmedabad,Individual,Deluxe,Platinum,2023-06-04
G0147,Karen Short,Bengaluru,Corporate,Standard,Gold,2017-05-23
G0148,Benjamin Soto,Coimbatore,Individual,Deluxe,Silver,2023-12-16
G0149,Chase Hart,Lucknow,Individual,Standard,Platinum,2018-11-16
G0150,Xavier Wilson,Chennai,Corporate,Standard,,2024-08-30
G0151,Lisa Gibbs,Indore,Individual,Deluxe,Gold,2019-11-23
G0152,Joseph Hayes,Chandigarh,Individual,Executive,,2021-05-09
G0153,Scott Branch,Ahmedabad,Individual,Standard,,2022-02-20
G0154,Carroll-Brown,Chandigarh,Corporate,Deluxe,Silver,2021-09-15
G0155,Annette Farmer,Chennai,Individual,Standard,Silver,2025-07-04
G0156,"Clark, Guerrero and Moore",Bengaluru,Corporate,Deluxe,,2020-03-17
G0157,Benjamin Smith,Coimbatore,Corporate,Standard,,2022-06-12
G0158,Kirk Carter,Jaipur,Individual,Standard,,2018-08-13
G0159,Michael Warner,Kochi,Individual,Deluxe,,2020-09-19
G0160,Michael Bradshaw,Hyderabad,Individual,Deluxe,Platinum,2021-03-06
G0161,Lori Guerrero,Indore,Individual,Suite,,2022-07-07
G0162,Jessica Stephens,Indore,Corporate,Standard,,2025-05-05
G0163,Susan Serrano,Indore,Individual,Standard,Gold,2023-10-14
G0164,Christopher Parker,Mumbai,Individual,Standard,Platinum,2021-07-26
G0165,Laura Roberts,Indore,Corporate,Standard,,2025-11-16
G0166,Michael Lyons,Pune,Individual,Deluxe,Silver,2025-10-02
G0167,Kathryn Snyder,Hyderabad,Corporate,Standard,Gold,2019-04-03
G0168,George Group,Jaipur,Corporate,Standard,,2019-03-27
G0169,Lindsey Johnson,Indore,Individual,Deluxe,,2018-05-23
G0170,Michael Valencia,Mumbai,Individual,Standard,Silver,2018-12-29
G0171,Alicia Hubbard,Ahmedabad,Corporate,Standard,,2019-11-26
G0172,Laura Hines,Pune,Corporate,Standard,,2023-06-02
G0173,Ruiz Ltd,Mumbai,Corporate,Deluxe,Silver,2020-01-08
G0174,Donald Shea,Ahmedabad,Individual,Standard,Gold,2025-08-10
G0175,Robert Costa,Jaipur,Individual,Executive,Silver,2023-09-29
G0176,Bailey-Cook,Goa,Corporate,Suite,,2024-12-15
G0177,Shannon Rivera,Kolkata,Individual,Suite,Gold,2022-02-24
G0178,Donna Landry,Jaipur,Individual,Standard,Silver,2023-12-30
G0179,Krista Gibson,Bengaluru,Individual,Standard,Platinum,2026-06-01
G0180,Frank Cordova,Kochi,Individual,Deluxe,,2024-09-04
G0181,Jose Travis,Bengaluru,Individual,Standard,,2020-08-24
G0182,"Booth, Murray and Brown",Chandigarh,Corporate,Executive,Silver,2019-02-11
G0183,Lisa Jimenez,Lucknow,Individual,Standard,,2025-12-31
G0184,Anthony Adams,Delhi,Corporate,Deluxe,Gold,2024-05-08
G0185,Dwayne Gilmore,Pune,Individual,Standard,Silver,2021-05-10
G0186,Mr. Mark Lloyd,Goa,Corporate,Suite,,2024-12-31
G0187,Emily Smith,Ahmedabad,Individual,Deluxe,Silver,2024-07-14
G0188,Danny Skinner,Pune,Individual,Suite,Gold,2023-04-06
G0189,Travis Holland,Bengaluru,Individual,Deluxe,Gold,2025-02-18
G0190,Timothy Carter,Chennai,Corporate,Executive,Gold,2024-05-04
G0191,Jennifer Olson,Delhi,Individual,Standard,Gold,2021-09-19
G0192,Sanchez-Arnold,Pune,Corporate,Deluxe,Silver,2018-04-28
G0193,Thomas Romero,Indore,Individual,Deluxe,Silver,2023-12-18
G0194,Sharon Hill,Coimbatore,Individual,Standard,,2024-08-20
G0195,Jennifer Villa,Pune,Individual,Standard,Gold,2018-09-10
G0196,Samantha Campbell,Mumbai,Individual,Standard,Platinum,2022-02-18
G0197,Kevin Duarte,Indore,Individual,Deluxe,Gold,2022-06-21
G0198,Charles Ryan MD,Chennai,Individual,Standard,,2022-01-26
G0199,Kimberly Gibson,Lucknow,Individual,Suite,Silver,2018-10-11
G0200,Colin Terry,Lucknow,Individual,Suite,,2021-11-12
G0201,Cynthia Rowe,Kolkata,Individual,Standard,Silver,2017-01-20
G0202,Patrick Thornton,Mumbai,Individual,Deluxe,Platinum,2020-08-12
G0203,Jasmin Alvarado,Hyderabad,Corporate,Deluxe,Silver,2019-10-17
G0204,Veronica Simpson,Coimbatore,Individual,Standard,,2021-04-21
G0205,Jonathan Lawrence,Pune,Individual,Standard,Gold,2020-05-06
G0206,Shelly Alexander,Ahmedabad,Corporate,Deluxe,,2024-09-14
G0207,"Lozano, Smith and Thomas",Coimbatore,Corporate,Deluxe,Gold,2018-11-07
G0208,Tracy Jones,Kolkata,Corporate,Standard,,2018-06-22
G0209,Deborah Hanson,Hyderabad,Individual,Deluxe,,2021-02-10
G0210,Bobby Murphy,Lucknow,Individual,Standard,Gold,2019-11-14
G0211,Kimberly Finley,Goa,Corporate,Executive,Silver,2024-05-01
G0212,"Higgins, Malone and Brennan",Bengaluru,Corporate,Standard,,2023-02-20
G0213,Barry Welch,Chandigarh,Individual,Standard,Silver,2024-01-26
G0214,Yolanda Francis,Kolkata,Individual,Deluxe,Silver,2020-01-11
G0215,Brett Schultz,Chandigarh,Individual,Standard,Gold,2018-03-06
G0216,Jill Benson,Goa,Individual,Standard,,2018-03-12
G0217,Amber Flynn,Goa,Individual,Standard,,2022-11-13
G0218,James Thomas,Kolkata,Corporate,Standard,,2022-07-27
G0219,Kylie Sparks,Jaipur,Corporate,Standard,,2024-07-14
G0220,Bob Pitts,Bengaluru,Individual,Suite,Silver,2018-09-03
G0221,Cynthia Durham,Bengaluru,Corporate,Deluxe,,2019-11-15
G0222,Joel King,Jaipur,Individual,Executive,,2022-03-17
G0223,Adam Ballard,Indore,Individual,Standard,,2020-04-05
G0224,Megan Moore,Kochi,Individual,Standard,Gold,2018-01-25
G0225,Gregory Matthews,Hyderabad,Corporate,Suite,Silver,2018-11-30
G0226,Jessica Wright,Coimbatore,Individual,Standard,Silver,2025-03-22
G0227,Christina Cruz,Indore,Individual,Standard,,2021-06-28
G0228,Rodriguez-James,Kolkata,Corporate,Deluxe,Silver,2021-09-24
G0229,Edward Lyons,Lucknow,Individual,Standard,,2025-02-23
G0230,Ronald Foster,Indore,Individual,Standard,Silver,2023-08-17
G0231,Sean Osborne,Goa,Individual,Deluxe,,2021-04-05
G0232,Susan Mcgee,Indore,Corporate,Deluxe,Gold,2018-06-20
G0233,Stephanie Parsons,Jaipur,Individual,Standard,Silver,2017-07-08
G0234,Robert Robinson,Kochi,Individual,Standard,Gold,2024-08-08
G0235,David Campos,Chandigarh,Individual,Deluxe,Silver,2024-07-06
G0236,Melanie Taylor,Chandigarh,Corporate,Deluxe,,2024-06-03
G0237,Mark Williams,Kochi,Corporate,Deluxe,,2026-05-30
G0238,Amanda Diaz,Goa,Corporate,Standard,Silver,2018-10-05
G0239,Theodore Murphy,Jaipur,Individual,Suite,Gold,2017-11-03
G0240,Thompson-Anderson,Delhi,Corporate,Executive,,2019-07-02
G0241,Valerie Schmidt,Kolkata,Individual,Standard,,2022-02-24
G0242,Sandra Scott,Goa,Individual,Standard,Gold,2022-01-06
G0243,Karen Drake,Jaipur,Individual,Deluxe,,2021-07-11
G0244,Gina Wilson,Ahmedabad,Individual,Deluxe,Gold,2025-11-18
G0245,Brenda Levy,Goa,Individual,Deluxe,Gold,2023-04-23
G0246,Misty Whitney,Kochi,Individual,Deluxe,,2026-04-04
G0247,Regina Diaz,Mumbai,Individual,Suite,,2025-08-10
G0248,Alexis Herrera,Jaipur,Individual,Deluxe,,2022-01-28
G0249,Michael Chambers,Lucknow,Individual,Deluxe,,2020-12-25
G0250,Samantha Bentley,Pune,Corporate,Deluxe,,2018-03-12
G0251,David Johnson,Chennai,Individual,Deluxe,Gold,2025-04-30
G0252,"Murphy, Bishop and Holland",Goa,Corporate,Standard,,2021-05-29
G0253,Julie Haynes,Indore,Individual,Suite,Gold,2018-03-18
G0254,"Ortiz, Taylor and Shah",Kochi,Corporate,Suite,Silver,2025-08-29
G0255,Johnathan Davis,Goa,Corporate,Executive,,2022-08-06
G0256,Brandy Chavez,Chandigarh,Individual,Standard,Platinum,2026-05-29
G0257,Natalie Bautista,Coimbatore,Individual,Deluxe,Platinum,2018-12-27
G0258,Patrick Moore,Chennai,Individual,Deluxe,,2021-05-06
G0259,Brett Burns,Goa,Individual,Suite,Silver,2021-04-25
G0260,Trevor Johnson,Goa,Individual,Executive,Gold,2020-01-26
G0261,Jeremy Sampson,Delhi,Individual,Executive,Silver,2018-07-01
G0262,Ariana Jennings,Goa,Individual,Deluxe,Gold,2020-05-09
G0263,Vanessa Howard,Delhi,Corporate,Deluxe,Platinum,2024-02-05
G0264,Colton Martinez,Mumbai,Individual,Deluxe,,2020-11-15
G0265,Davis-Lewis,Chandigarh,Corporate,Deluxe,Platinum,2022-08-26
G0266,Tricia Williams,Kochi,Individual,Standard,,2020-12-13
G0267,William Buchanan,Goa,Individual,Deluxe,Silver,2021-09-06
G0268,Ronald Spencer,Coimbatore,Individual,Suite,,2021-09-27
G0269,Robin Hall,Hyderabad,Corporate,Standard,,2017-08-20
G0270,Rachel Carlson,Lucknow,Individual,Suite,Platinum,2024-08-31
G0271,William Huerta,Indore,Individual,Standard,Gold,2019-04-16
G0272,"King, Thompson and Guerrero",Indore,Corporate,Deluxe,Silver,2024-07-29
G0273,Adrian Tyler,Chandigarh,Corporate,Deluxe,,2022-09-24
G0274,Franklin Thompson,Pune,Corporate,Deluxe,,2021-04-12
G0275,Patrick Fox,Lucknow,Individual,Executive,,2023-03-12
G0276,Karen Strickland,Chandigarh,Individual,Standard,Silver,2025-10-04
G0277,Ashley Gordon,Mumbai,Corporate,Executive,Gold,2024-04-06
G0278,Amanda Logan,Goa,Individual,Deluxe,Silver,2025-09-15
G0279,"Boyd, Ellis and Maynard",Jaipur,Corporate,Standard,Silver,2019-02-05
G0280,John Morales,Bengaluru,Corporate,Standard,Silver,2023-03-30
G0281,Katherine Browning,Chennai,Individual,Deluxe,,2020-09-15
G0282,Bobby Franklin,Coimbatore,Individual,Standard,,2020-08-14
G0283,Donald Schultz,Lucknow,Individual,Executive,Silver,2024-06-04
G0284,Erika Vang,Lucknow,Individual,Deluxe,,2025-10-17
G0285,Jody Jacobs,Ahmedabad,Individual,Standard,,2017-10-07
G0286,Mcguire Inc,Ahmedabad,Corporate,Deluxe,,2019-06-26
G0287,Marilyn Mack,Delhi,Corporate,Standard,,2025-06-10
G0288,Cindy Hayes,Jaipur,Individual,Executive,Gold,2024-04-13
G0289,Gerald Chavez,Kochi,Individual,Standard,,2024-03-15
G0290,Brandon Simmons,Goa,Individual,Standard,,2020-08-07
G0291,Jacqueline Hernandez,Lucknow,Individual,Executive,,2023-01-22
G0292,Jones-Decker,Ahmedabad,Corporate,Suite,,2026-01-02
G0293,Brent Rodgers,Jaipur,Individual,Standard,Gold,2019-02-28
G0294,Kristie Willis,Bengaluru,Individual,Executive,,2025-09-03
G0295,Erin Martinez,Hyderabad,Individual,Deluxe,,2024-01-23
G0296,Maurice Christensen,Kolkata,Corporate,Suite,,2026-04-18
G0297,Michelle Schmitt,Chandigarh,Individual,Suite,Silver,2017-10-23
G0298,"Edwards, Garcia and Romero",Jaipur,Corporate,Deluxe,,2017-10-28
G0299,John Boone,Lucknow,Individual,Standard,,2026-03-20
G0300,Justin Wilson,Pune,Individual,Standard,Silver,2021-07-15
G0301,Darrell Patterson,Hyderabad,Individual,Standard,,2017-01-25
G0302,Patricia Howell,Goa,Individual,Standard,Gold,2017-07-06
G0303,Kristin Lynch,Bengaluru,Individual,Standard,Silver,2020-04-02
G0304,"Gallegos, Adams and White",Bengaluru,Corporate,Standard,Platinum,2021-04-12
G0305,Ellen Morgan,Kochi,Individual,Standard,,2019-06-20
G0306,Sergio Knight,Kolkata,Individual,Suite,Gold,2020-04-23
G0307,Jones-Figueroa,Kochi,Corporate,Suite,Platinum,2025-03-07
G0308,Anna Moreno,Hyderabad,Individual,Deluxe,Silver,2018-05-20
G0309,Jesse Moore,Goa,Individual,Deluxe,Silver,2017-12-15
G0310,Frederick Pugh,Chandigarh,Individual,Deluxe,Gold,2019-05-18
G0311,Sophia Moore,Kochi,Individual,Suite,,2019-01-24
G0312,Amber Miller,Indore,Individual,Standard,,2024-07-11
G0313,Jeff Lawson,Indore,Corporate,Suite,Platinum,2023-02-27
G0314,Daniel Hunt,Ahmedabad,Individual,Standard,Silver,2019-10-24
G0315,Brian Gregory,Chandigarh,Individual,Deluxe,Platinum,2021-01-02
G0316,Kelsey Parker,Kochi,Individual,Standard,,2017-10-13
G0317,Foster PLC,Jaipur,Corporate,Standard,Silver,2024-10-11
G0318,Dan Dougherty,Goa,Individual,Deluxe,Gold,2021-10-21
G0319,Pamela Roberts,Delhi,Individual,Standard,,2025-04-19
G0320,Jonathan Jordan,Pune,Individual,Suite,,2025-03-22
G0321,Joseph Hall,Jaipur,Individual,Deluxe,,2020-06-05
G0322,Mary Gomez,Bengaluru,Individual,Standard,Silver,2020-02-24
G0323,Hensley-Williams,Ahmedabad,Corporate,Standard,Gold,2024-01-11
G0324,Thomas Atkins,Bengaluru,Individual,Suite,Gold,2024-02-01
G0325,Laura Mckinney,Goa,Individual,Deluxe,Gold,2019-05-22
G0326,Brian Smith,Ahmedabad,Corporate,Suite,Silver,2024-05-02
G0327,Robert Montgomery,Mumbai,Corporate,Suite,Silver,2020-04-06
G0328,Tamara Davis,Ahmedabad,Individual,Deluxe,,2022-08-19
G0329,Dana Chapman,Mumbai,Individual,Suite,Gold,2023-11-21
G0330,Jennifer Collins,Lucknow,Individual,Deluxe,Silver,2019-01-04
G0331,Gary Jackson,Goa,Individual,Deluxe,Platinum,2025-04-03
G0332,Ashley Hicks,Hyderabad,Corporate,Standard,Silver,2017-09-15
G0333,Hannah Luna,Mumbai,Individual,Standard,,2025-11-16
G0334,Robin Young,Jaipur,Individual,Executive,Gold,2017-06-13
G0335,Scott and Sons,Chandigarh,Corporate,Executive,Silver,2020-01-26
G0336,"Hernandez, Malone and Jones",Ahmedabad,Corporate,Deluxe,,2021-03-31
G0337,Lori Marshall,Kochi,Individual,Suite,,2019-10-28
G0338,Lauren Maldonado,Coimbatore,Individual,Standard,Silver,2026-03-02
G0339,Maria Downs,Jaipur,Corporate,Suite,,2018-07-24
G0340,Wesley Stewart,Mumbai,Individual,Standard,Silver,2019-05-17
G0341,John Welch,Chennai,Individual,Standard,Gold,2018-04-30
G0342,Leslie Bell,Kolkata,Individual,Suite,Gold,2022-05-27
G0343,Joel Johnson,Jaipur,Individual,Standard,,2026-05-07
G0344,Dustin Newman,Mumbai,Individual,Standard,Silver,2018-10-22
G0345,Ann Wheeler,Ahmedabad,Individual,Standard,Silver,2017-08-18
G0346,Kevin Best,Coimbatore,Individual,Standard,Platinum,2023-09-21
G0347,Amanda Stout,Coimbatore,Corporate,Deluxe,Silver,2020-03-07
G0348,"Pearson, Morris and Alvarez",Goa,Corporate,Executive,Gold,2018-11-30
G0349,Antonio Garcia,Kolkata,Individual,Deluxe,Gold,2026-03-15
G0350,Gwendolyn Klein,Ahmedabad,Corporate,Standard,Gold,2020-11-04
